<?xml version="1.0" ?><images>
  <image name="Asuka Langley">
    <source>http://0x40hues.blogspot.fi/Sources/Xmas#asuka_langley</source>
    <fullname>Asuka Langley Soryu</fullname>
    <align>center</align>
  </image>
  <image name="Azusa Nakano">
    <source>http://0x40hues.blogspot.fi/Sources/Xmas#azusa_nakano</source>
    <fullname>Azusa Nakano</fullname>
    <align>center</align>
  </image>
  <image name="Elpeo Ple">
    <source>http://0x40hues.blogspot.fi/Sources/Xmas#elpeo_ple</source>
    <fullname>Elpeo Ple</fullname>
    <align>center</align>
  </image>
  <image name="Haruhi Fujioka">
    <source>http://0x40hues.blogspot.fi/Sources/Xmas#haruhi_fujioka</source>
    <fullname>Haruhi Fujioka</fullname>
    <align>center</align>
  </image>
  <image name="Hitoha">
    <source>http://0x40hues.blogspot.fi/Sources/Xmas#hitoha</source>
    <fullname>Hitoha Marui</fullname>
    <align>center</align>
  </image>
  <image name="Isuzu Sento">
    <source>http://0x40hues.blogspot.fi/Sources/Xmas#isuzu_sento</source>
    <fullname>Isuzu Sento</fullname>
    <align>center</align>
  </image>
  <image name="Kirino">
    <source>http://0x40hues.blogspot.fi/Sources/Xmas#kirino</source>
    <fullname>Kirino Kousaka</fullname>
    <align>left</align>
  </image>
  <image name="Konata">
    <source>http://0x40hues.blogspot.fi/Sources/Xmas#konata</source>
    <fullname>Konata Izumi</fullname>
    <align>center</align>
  </image>
  <image name="Kurisu &amp; Mayuri">
    <source>http://0x40hues.blogspot.fi/Sources/Xmas#kurisu___mayuri</source>
    <fullname>Kurisu and Mayuri</fullname>
    <align>center</align>
  </image>
  <image name="Kouko">
    <source>http://0x40hues.blogspot.fi/Sources/Xmas#kouko</source>
    <fullname>Kouko Kaga</fullname>
    <align>right</align>
  </image>
  <image name="Kyouko Toshinou">
    <source>http://0x40hues.blogspot.fi/Sources/Xmas#kyouko_toshinou</source>
    <fullname>Kyouko Toshinou</fullname>
    <align>center</align>
  </image>
  <image name="Lain">
    <source>http://0x40hues.blogspot.fi/Sources/Xmas#lain</source>
    <fullname>Lain Iwakura</fullname>
    <align>center</align>
  </image>
  <image name="Madoka &amp; Sayaka">
    <source>http://0x40hues.blogspot.fi/Sources/Xmas#madoka___sayaka</source>
    <fullname>Madoka and Sayaka</fullname>
    <align>center</align>
  </image>
  <image name="Mashiro Shiina">
    <source>http://0x40hues.blogspot.fi/Sources/Xmas#mashiro_shiina</source>
    <fullname>Mashiro Shiina</fullname>
    <align>center</align>
  </image>
  <image name="Miu">
    <source>http://0x40hues.blogspot.fi/Sources/Xmas#miu</source>
    <fullname>Miu Matsuoka</fullname>
    <align>right</align>
  </image>
  <image name="Ritsu">
    <source>http://0x40hues.blogspot.fi/Sources/Xmas#ritsu</source>
    <fullname>Ritsu Tainaka</fullname>
    <align>center</align>
  </image>
  <image name="Taiga">
    <source>http://0x40hues.blogspot.fi/Sources/Xmas#taiga</source>
    <fullname>Taiga Aisaka</fullname>
    <align>center</align>
  </image>
  <image name="Tsukasa">
    <source>http://0x40hues.blogspot.fi/Sources/Xmas#tsukasa</source>
    <fullname>Tsukasa Hiiragi</fullname>
    <align>right</align>
  </image>
  <image name="Tsumiki">
    <source>http://0x40hues.blogspot.fi/Sources/Xmas#tsumiki</source>
    <fullname>Tsumiki Miniwa</fullname>
    <align>center</align>
  </image>
  <image name="Yui">
    <source>http://0x40hues.blogspot.fi/Sources/Xmas#yui</source>
    <fullname>Yui Hirasawa</fullname>
    <align>center</align>
  </image>
</images>