<images>
  <image name="Akarin">
    <source>http://myanimelist.net/character/35872/Akari_Akaza</source>
    <fullname>Akari Akaza</fullname>
    <align>center</align>
  </image>
  
  <image name="Akko">
    <source>http://myanimelist.net/character/81645/Atsuko_Kagari</source>
    <fullname>Atsuko Kagari</fullname>
    <align>center</align>
  </image>
  
  <image name="Amanda">
    <source>http://myanimelist.net/character/130905/Amanda_ONeill</source>
    <fullname>Amanda O'Neill</fullname>
    <align>center</align>
  </image>
  
  <image name="Blair">
    <source>http://myanimelist.net/character/8458/Blair</source>
    <fullname>Blair</fullname>
    <align>center</align>
  </image>
  
  <image name="Fran">
    <source>http://myanimelist.net/character/12564/Fran_Madaraki</source>
    <fullname>Fran Madaraki</fullname>
    <align>center</align>
  </image>

  <image name="Gokou Ruri">
    <source>http://myanimelist.net/character/31008/Ruri_Gokou</source>
    <fullname>Ruri Gokou</fullname>
    <align>center</align>
  </image>

  <image name="Hamakaze">
    <source>http://kancolle.wikia.com/wiki/Hamakaze</source>
    <fullname>Hamakaze</fullname>
    <align>center</align>
  </image>

  <image name="Hata">
    <source>http://en.touhouwiki.net/wiki/Hata_no_Kokoro</source>
    <fullname>Hata no Kokoro</fullname>
    <align>left</align>
  </image>

  <image name="Homura">
    <source>http://myanimelist.net/character/38005/Homura_Akemi</source>
    <fullname>Homura Akemi</fullname>
    <align>center</align>
  </image>

  <image name="Hoppou">
    <source>http://myanimelist.net/character/125713/Hoppou_Seiki</source>
    <fullname>Hoppou Seiki</fullname>
    <align>center</align>
  </image>

  <image name="Kirisame">
    <source>http://myanimelist.net/character/5458/Kirisame_Marisa</source>
    <fullname>Kirisame Marisa</fullname>
    <align>left</align>
  </image>

  <image name="Kiss-shot">
    <source>http://myanimelist.net/character/23602/Shinobu_Oshino</source>
    <fullname>Kiss-shot Acerola-orion Heart-under-blade</fullname>
    <align>left</align>
  </image>

  <image name="Kogasa">
    <source>http://myanimelist.net/character/66197/Kogasa_Tatara</source>
    <fullname>Kogasa Tatara</fullname>
    <align>right</align>
  </image>

  <image name="Koume">
    <source>http://myanimelist.net/character/96091/Koume_Shirasaka</source>
    <fullname>Koume Shirasaka</fullname>
    <align>center</align>
  </image>

  <image name="Madoka">
    <source>http://myanimelist.net/character/37832/Madoka_Kaname</source>
    <fullname>Madoka Kaname</fullname>
    <align>right</align>
  </image>

  <image name="Miho">
    <source>http://myanimelist.net/character/96075/Miho_Kohinata</source>
    <fullname>Miho Kohinata</fullname>
    <align>center</align>
  </image>

  <image name="Miyako">
    <source>http://en.touhouwiki.net/wiki/Yoshika_Miyako</source>
    <fullname>Yoshika Miyako</fullname>
    <align>center</align>
  </image>

  <image name="Momiji">
    <source>http://en.touhouwiki.net/wiki/Momiji_Inubashiri</source>
    <fullname>Momiji Inubashiri</fullname>
    <align>center</align>
  </image>

  <image name="Rei">
    <source>http://myanimelist.net/character/86/Rei_Ayanami</source>
    <fullname>Rei Ayanami</fullname>
    <align>center</align>
  </image>

  <image name="Sekibanki">
    <source>http://en.touhouwiki.net/wiki/Sekibanki</source>
    <fullname>Sekibanki</fullname>
    <align>center</align>
  </image>

  <image name="Squigly">
    <source>http://skullgirls.wikia.com/wiki/Squigly</source>
    <fullname>Squigly</fullname>
    <align>center</align>
  </image>

  <image name="Yui">
    <source>http://myanimelist.net/character/76234/Yui_Ichii</source>
    <fullname>Yui Ichii</fullname>
    <align>center</align>
  </image>
</images>
