<songs>
  <song name="loop_Ghostbusters">
	<title>Eclectic Method - Ghostbusters</title>
	<source>https://www.youtube.com/watch?v=Ksyd7eX_T3E</source>
	<rhythm>x.:.o.:.x.:.o.:.x.:.o.:.x.:.o.:.x.:.o.:.x.:.o.:.|:|:o|:.:-:.o.:.x.:.o.:.x.:.o.:.x.:.o.:.x.:.o.:.x|||o|||x.||o::.x.:.o.:.x.:.o.:.x.:.o.:.~...=...x.:.o.:.x.:.o.:.x.:.o.:.~...=...~...............</rhythm>
	<buildup>build_Ghostbusters</buildup>
	<buildupRhythm>x.:.o.:.x.:.o.:.x.:.o.:.x.:.o.:.x.:.o.:.x.:.o.:.x.:.o.:.x.:.....</buildupRhythm>
	</song>
  <song name="loop_SpookyScary">
    <title>The Living Tombstone - Spooky Scary Skeletons (Remix)</title>
    <source>https://www.youtube.com/watch?v=q6-ZGAGcJrk</source>
    <rhythm>I...x...o...x..:o...x...o...x.:.o...x...o...x..:o...x...oooox.:.o...x...o...x..:o...x...o...x.:.o...x...o...x..:I...x...x...i...o...x...o...x..:o...x...o...x.:.o...x...o...x..:o...x...oooox~..o...x...o...x..:o...x...o...x.:.o...x...o...x..:o...x...o...i...-.:.-.:.-.:.-.:.-.:.-.:.-.:.-.:.-.:.-.:.-.:.-.:.-.-.-.-.----+...</rhythm>
    <buildup>build_SpookyScary</buildup>
    <buildupRhythm>.-...-...-...-...-...-...-...-..|..|..|..|.|..|..I|I|I|I|I|I+....</buildupRhythm>
	</song>
  <song name="loop_Zombie">
    <title>TeddyLoid - Zombie</title>
    <source>https://www.youtube.com/watch?v=4xc0hu_vdZI</source>
    <rhythm>o...-...x...Ii..o.......x...-...o.......x...Ii..o.......x.......o...-...x...Ii..o.......x...-...o.......x...Ii..o.......x.......o...-...x...Ii..o.......x...-...o.......x...Ii..o.......x.......o...-...x...Ii..o.......x...-...o.......x...Ii..o.......x.......o...-...x...Ii..o.......x...-...o.......x...Ii..o.......x.::....o...-...x...Ii..o.......x...-...o.......x...Ii..o.......x.::....o...-...x...Ii..o.......x...-...o.......x...Ii..o.......x.::....o...-...x...Ii..o.......x~..-~..+.........................I:....</rhythm>
    <!-- <buildup>build_Zombie</buildup>
    <buildupRhythm>~...............................I+i+............................</buildupRhythm> -->
	</song>
  <song name="loop_WitchDoctor">
    <title>De Staat - Witch Doctor (The Hard Way Remix)</title>
    <source>https://www.youtube.com/watch?v=ktsjKw4TDPI</source>
    <rhythm>-+......-+......-+......-+......-+......-+......-+......-+......-+......-+......-+......-+......-+......-+......-+......-+...-..-+......-+......-+......-+......-+......-+......-+......-+......-+......-+......-+......-+......-+......-+......-+......|..|..|.-+......-+......-+......-+......-+......-+......-+......-+......-+......-+......-+......-+......-+......-+......-+......-+...-..-+......-+......-+......-+......-+......-+......-+......-+......-..:..:.-..:..:.-..:..:.-..:..:.|..|..|.|..|..|.I+......I+......</rhythm>
    <buildup>build_WitchDoctor</buildup>
    <buildupRhythm>~.......*.......*.......*..+...............................................................................................=....i.......*.......*.......*.......-...............-...............-.......-.......-...:...:...=...~...:.:.-.-.-.-.||||||||I+++....</buildupRhythm>
	</song>
  <song name="loop_Thriller">
	<title>Michael Jackson - Thriller</title>
	<source>https://www.youtube.com/watch?v=ZEHsIcsjtdI</source>
	<rhythm>o...x...o...x...o...x...o...x...o...x...o...x...o...x...o...x...o...x...o...x...o...x...o...x...o...x...o...x..+-.*.*+-.*.*+-.*.o...x...o...x...o...x...o...x...o...x...o...x...o...x...o...x:.:o...x...o...x...o...x...o...|...o...x...o...x...o...x...o.::x.::o...x...o...x...o...x...o...x...o...x...o...x...o...x.::o...x...o...x...o...x...o...x...o...x...o...x...o...x...o...x...o...x...o...x...o...x...o...x...o...x...o...x...o...x...o...x...o...x...</rhythm>
	<buildup>build_Thriller</buildup>
	<buildupRhythm>**.*.*.</buildupRhythm>
	</song>
  <song name="loop_Halloween">
	<title>DJ Deville - Halloween (Trap Remix)</title>
	<source>https://soundcloud.com/djdeville/halloween-dj-deville-2013-trap</source>
	<rhythm>o...........o...x.......o.......o...........o...x.......o.......o...........o...x.......o.......o...........o...x.......o.......o...........o...x.......o.......o...........o...x.......o.......o...........o...x.......o.......|.|.|...|.|.|...|.|.|...|||.|...=...........o...x.......o.......o...........o...x.......o.......o...........o...x.......o.......o...........o...x.......o.......o...........o...x.......o.......o...........o...x.......o.......o...........o...x.......o...:...|.|.|...|.|.|...|.|.|...|||.|...=...........=...=.......=...........=..=........=.......=.......=...........=...=.......=...........=..=........=.......=.......=...........=...=.......=...........=..=........=.......=.......=...........=...=.......=.......|~+~+~~~|~+~+~~~|~+~+~~|+++~+~~~</rhythm>
	<buildup>build_Halloween</buildup>
	<buildupRhythm>o...........o...x.......o.......o...........o...x.......=.......o...........o...x.......o.......o...........o...x.......=.......o...........o...x.......o.......o...........o...x.......=.......o...........o...x.......o.......|.|.|...|.|.|...|.|.|...|||.|...</buildupRhythm>
	</song>
  <song name="loop_YouthBlood">
    <title>Little Jinder - Youth Blood (12th Planet and Flinch Remix)</title>
    <source>https://www.youtube.com/watch?v=q6-ZGAGcJrk</source>
    <rhythm>o.....o.x.~.....o.....o.x.~.o...o.....o.x.~.....o.......x:::-...o.....o.x.~.....o.....o.x.~~o...o.....o.x:::::::o.......x:::-:::o.......x...o...o.....o.x...o...o.......x...o...o.....o.x...o...o.......x...o...o.....o.x...o...o.......x.:.o...o.....o.x.......o........i+.....................I.....o.x.~.....o.....o.x:::~~~~o.....o.x.~.....o.....o.x.~~....o.....o.x...........*...-...-...</rhythm>
    <buildup>build_YouthBlood</buildup>
    <buildupRhythm>o..........o..o.o.....o.........o........:.o.:o.o.....o.........o...o...o..o..o.o...o...o..o..o.o...o...o..o..o.....=...=.......</buildupRhythm>
	</song>
  <song name="loop_Crosswerved">
	<title>Flying Lotus - Crosswerved</title>
	<source>https://www.youtube.com/watch?v=SDJ3yvbR5Xo</source>
	<rhythm>|.o.o.....o-....o.oo....o.oo....|.o.o.....o-....o.o.o.....o-....|.o.o.....o-....o.oo....o.oo....|.o.o.....o-....o.o.o.....o-....|.o.o.....o-....o.oo....o.oo....|.o.o.....o-....o.o.o.....o-....|.o.o.....o-....o.oo....o.oo....|.o.o.....o-....o.o.o.....o-....|.o.o.....o-....o.oo....o.oo....|.o.o.....:.....o...o.....:.....</rhythm>
	<buildup>build_Crosswerved</buildup>
	<buildupRhythm>+..............|</buildupRhythm>
	</song>
  <song name="loop_Mouchette">
    <title>oOoOO - Mouchette</title>
    <source>https://www.youtube.com/watch?v=ROi-hXJmsXc</source>
    <rhythm>o.~.o.~.o.~oo.o.o.~.o.~oo.~-o.*.o.~.o.~.o.~.o..o..~.o.~.o.~.o.~oo.~.o.~.o.~oo.o.o.~.o.~oo.~-o.*.o.~.o.~.o.~.o..o..~.o.~.o.~.o.~oo.~.o.~.o.~oo.o.o.~.o.~oo.~-o.*.o.~.o.~.o.~.o..o..~.o.~.o.~.o.~oo.~.o.~.o.~oo.o.o.~.o.~oo.~-o.*.o.~.o.~.o.~.o+..................</rhythm>
	</song>
  <song name="loop_Disappear">
    <title>Dream Theater - Disappear</title>
    <source>https://www.youtube.com/watch?v=AM4swR2NT1g</source>
    <rhythm>=.....=.....=..i+i..=.....=.....=...=...=.....=....i=i..=i+i=...=.....=.....=.~.~...=.....=.....=..i+I.i=i....=.....=...=...=.....=..i+.=i.i=iIi=...=.....=.....~.......</rhythm>
    <buildup>build_Disappear</buildup>
    <buildupRhythm>+.............I+i+...I+i+..........................I+i+..I+.i+.....................</buildupRhythm>
  </song>
</songs>